title,rating
Procedure,0.7632623601587875
Recovery,0.8410630002052124
Results,0.801472844430807
